"Layer","Type","Sublayer","Thickness","Locked","Material","Color","EpsilonR","LossTg"
"F.Silkscreen","Top Silk Screen","","","","Not specified","Not specified","",""
"F.Paste","Top Solder Paste","","","","","","",""
"F.Mask","Top Solder Mask","","0.01 mm","","Not specified","Not specified","3.3","0"
"F.Cu","copper","","0.035 mm","","","","",""
"Dielectric 1","core","","1.51 mm","","FR4","Not specified","4.5","0.02"
"B.Cu","copper","","0.035 mm","","","","",""
"B.Mask","Bottom Solder Mask","","0.01 mm","","Not specified","Not specified","3.3","0"
"B.Paste","Bottom Solder Paste","","","","","","",""
"B.Silkscreen","Bottom Silk Screen","","","","Not specified","Not specified","",""

"Property","Value"
"Finish","None"
